,emitterName,latentVector,completionPercentage,jumpActionsPerformed,killsTotal,livesLeft,coinsCollected,remainingTime (20-timeSpent),calc_higher_level_non_empty_blocks,calc_num_enemies
0,CMA-ME-Improvement,"[-0.61139063  0.08519418 -0.43868253 -0.08683606 -0.26031826 -0.68656897
 -0.87355431  0.78416866  0.07706931  0.06601827  0.08069585  0.10826456
 -1.04335196 -0.05779156 -0.06456502  0.56091925 -0.16214594  0.36317115
  0.36166424  0.5814672  -0.51301562  0.57176868 -0.11443078  0.79803304
 -0.68433013 -0.67816156 -0.18165865  0.22919138 -0.27157781  0.04742705
  0.30999647  0.23830403  0.62308659 -0.63096943  0.19111698 -0.2440052
  0.1447906   0.38603217 -0.15160086  0.37274659  0.68937299 -0.6426007
 -0.23755571 -0.15140636 -0.2394281  -0.47697053  0.12976405 -0.17938375
  0.76182953 -0.6479267  -0.22012514  0.56160383 -0.85158548 -0.04256602
 -0.08166075  0.11778057  0.1169786   0.05865494  1.126205   -1.48377724
 -0.72050847 -0.04673407 -0.3423397  -0.19751015 -0.91178768 -0.94312965
  0.17880029  0.95241086  0.49509451 -0.05310378 -0.58574811  0.32527954
 -0.08313573  0.07747555  0.8111977  -0.66984515  0.01302583 -0.21439859
  0.41492689 -0.38318954 -0.3185203   0.37524994 -1.06078896 -1.27080666
  0.10078649  0.58454292 -0.10406475 -0.12910179  0.39399841 -0.12091432
  0.26725254  0.48726192  0.61358598  0.17220969 -0.45439631  0.07341802]",0.16647647321224213,0,0,0,0,19340,0,0
1,CMA-ME-Improvement,"[ 0.19405919 -0.22572521 -0.35340967  0.25716224 -0.40439673 -0.63169961
 -0.309726   -0.03194365  0.33112104  0.18572989 -0.60529034  0.12460503
 -0.3760268   0.41041582  0.95729105 -0.37352255  0.03740199  0.53525829
 -0.50692501 -0.06904196 -0.06227072  0.38821349  0.0180312  -0.55589843
 -0.17137528  0.3180753  -0.44972543  0.55189274  0.25577657  0.06661284
 -0.513182   -0.45643193 -1.00665373 -0.08924597  0.41233958  0.12880769
  0.09864441 -0.66217558 -0.0687829   0.26718949 -0.24605636  0.36224835
  0.03805463 -0.38165949  0.62042838  0.27821826  0.42027394  0.65939519
 -0.32824872  0.24169663 -0.57100506  0.64830553 -0.01966171 -0.58475822
  0.77789184 -0.22887968  0.02389923  0.15363629 -0.24478446 -0.38563368
  0.3632001  -0.51401022 -0.15705319  0.91629607 -0.32788262 -0.07188335
  0.61932384 -0.55773474 -0.1291158  -0.63503884  0.4827201  -0.03653333
  0.39161041 -0.32445165 -0.35528229  0.21180121 -0.38385781  0.58037913
  0.64846821  0.69325634 -0.05302872  0.37390399  0.24294549 -0.1083258
  0.21228655 -0.15819169 -0.00601064 -0.23633414  0.1845383   0.03893347
 -0.64012064 -0.94864534  0.83150093 -0.06291565 -1.04474128  0.27293372]",1.0,4,0,0,0,17300,76,5
2,CMA-ME-Improvement,"[-0.15824109 -0.85383111  0.52879603  0.05319202 -0.84893921  0.30054717
 -0.50286525 -0.56336453 -0.43883676 -0.77309583 -0.4502802  -0.04867541
  0.48916677  0.4472053  -0.83478918 -0.92977711  0.21179973  0.31922104
  1.19604109  0.05843638 -0.74393869  0.25224857 -0.17908153 -0.71300029
 -0.72010818  0.03118076  0.21444002  0.98061384  0.67539818 -0.38666239
  0.41330561 -0.40657632  0.51968174  0.55422248 -0.34581769 -0.42918779
 -0.39092014  0.1704649  -0.13414416 -0.6038794  -0.23655837  0.12692464
 -0.04088786  0.20758892  1.32730463 -0.13366118  0.47922358  0.09397535
 -0.00941481  0.72500401  0.68404607  0.1577643  -0.13618341 -0.31503226
 -0.28981098  0.0159848  -1.03699569 -0.14142724 -0.13422869 -0.6492907
  0.52735682  0.3897699  -0.58573104  0.10378985  0.19464329  0.03925822
  0.3846602  -0.15447357  0.23990378 -0.73790362 -0.35849166  0.59094268
  0.79339757  0.33605364 -0.85591099  0.82190396 -0.10501543  0.02157953
 -0.47556284 -0.0823926  -0.45128906  1.06816262 -0.75767624 -0.05819438
 -0.28860449 -0.07198722 -0.75365114  0.57391902  0.19327561  0.44991744
  0.44291266 -0.33180325  0.13715897 -0.56442599  0.4278314  -0.07735668]",0.9749119877815247,5,0,0,0,17300,1,2
3,CMA-ME-Improvement,"[-0.5829829   0.29898248  0.23303254  0.26794888 -0.11692867  0.18486311
  0.53856558 -0.1527653  -0.07960781 -0.1597689   0.61626299 -0.42010865
  0.5375388   0.34798928 -0.15685137  0.80371099 -0.26517763  0.07893794
  0.45914528 -0.70768811  1.29684315  0.1330103  -0.77495438  0.19245571
 -0.81297117  0.20577495  0.34618947  0.06299132 -0.08076619  0.28820398
  0.22988889 -0.56954839 -0.52024315  0.05502482 -0.58684171  0.56911087
 -0.56625617 -0.71104277  1.36542562  0.61767848  0.02263079 -0.16873814
  0.01927023 -0.23212875  0.11731269 -0.11913946  0.3625652   0.76888599
  0.06557467 -0.73241323 -0.65058234  0.36544119 -1.16926915  0.0705324
 -0.38398962 -0.66093832 -0.39255062  0.04395273  0.55220622  0.23305675
  1.00678622 -0.03433035  0.39450227  0.08112316  0.1777978   0.84174039
 -0.39004082  0.59424581 -0.11650135 -0.48306303 -0.0141805  -0.02924035
  0.42384763 -0.68030671  0.94171572 -0.33346091  0.13791579 -0.30122509
 -0.03701479  0.7435297   0.5866964  -0.25094067  0.25610777  0.50340441
 -0.01224834 -0.04839154 -0.07449626 -0.11045388  0.80626471  0.72843104
 -0.00701219  0.45860059  0.6169755  -0.26116553  0.36071266 -0.38335266]",0.9749102592468262,3,1,0,0,17360,0,6
4,CMA-ME-Improvement,"[-0.72965859  0.46646772  0.52654894  0.33137106  1.4820129   0.69243729
  1.01436515  0.26121358  0.34227935 -0.21304361 -0.18600143  0.01864492
 -0.06868839 -0.08397725 -0.75361922 -0.12566344 -0.23017989 -1.18772855
  0.38272707  0.39485061  0.11051256  0.00902903  0.33098323 -0.16829379
  0.25668543 -0.80336477 -0.17873197  0.15080552  0.17300042  0.22160367
 -0.39495681  0.62199943  0.05719183 -0.41285189 -0.23622711 -0.055286
 -0.47166999 -0.05062681  0.91252685  0.74511956 -0.46014575 -0.32258171
  0.25167722  0.03222544 -0.35756116 -0.81634521  0.89321915  0.44586976
 -0.00865167 -0.07199445 -0.20868997  0.46185287  0.40748938  0.23954264
 -0.37035659  0.14789743 -0.55732631 -0.07459882 -0.03370656  0.38854231
 -0.65417695 -0.70109091 -0.44911922 -0.09505561  0.60860718  0.49510592
  1.31943823 -0.18224838 -0.907398   -0.66405809 -0.3943014  -0.00367066
  0.16944125 -0.21358407  0.11462864 -0.18512881 -0.4497208   0.06707428
 -0.87114658 -1.20581125 -0.00577568 -1.11156668 -0.09767482 -0.38312505
 -0.09016831  0.17336195 -0.35236529 -0.22288418  0.10830791 -0.47111587
 -0.32634746  0.00967755 -0.29894434 -0.92029726  0.95876805 -0.26250807]",0.16647647321224213,0,0,0,0,19340,0,0
5,CMA-ME-Improvement,"[ 4.03060499e-01  9.86785578e-03  9.86120931e-02  7.29487663e-01
  2.20630625e-02 -2.41600020e-01  3.11951140e-01  4.22537091e-01
  3.11821007e-01 -7.85390774e-01  6.76753272e-01 -8.49441076e-01
 -4.74097653e-01 -9.62325220e-02 -2.63082383e-01 -1.01056946e-01
  4.88332876e-02 -1.70516575e-01 -2.49664370e-01  2.06235969e-01
 -2.89267093e-01 -7.28727913e-01 -3.09368204e-02 -9.87442823e-01
  4.57981095e-01  3.95396563e-02 -6.47496919e-01 -5.40089898e-02
  3.66820546e-01  5.54661812e-01 -2.22115646e-01 -8.35893812e-01
  1.12257128e-01  4.15107033e-01 -2.31925854e-01 -2.02750306e-01
 -2.97772058e-01 -7.17877289e-01  1.57852873e-01  7.19803907e-01
 -3.49684636e-02 -3.64415164e-01 -9.47436630e-03  1.05338204e-01
 -3.15867207e-02 -4.58289341e-01  3.26126181e-01  4.65398621e-01
  1.90329421e-01 -3.24046210e-01  5.29909336e-01 -4.25146566e-01
  1.66545958e-01  8.74653787e-04  2.11485192e-01  4.11491232e-01
  3.72775066e-01  1.29078269e-01  6.54353947e-03  2.68432918e-01
 -6.21463476e-01  1.71659498e-01  9.36423967e-01 -2.17374062e-01
 -9.41010925e-02 -1.72103984e-01 -2.47266874e-01 -2.93999225e-01
  4.51591197e-01 -9.26564773e-01 -4.58460172e-01 -1.64000170e-01
  5.41286859e-02  2.34428018e-01 -1.80558034e-02  6.20602161e-01
 -2.43484803e-01  1.97011324e-01  3.93556948e-01  8.32040143e-01
  2.88609175e-02  5.71202334e-01  7.37915536e-01  6.74839332e-01
  1.99399104e-01 -4.37252553e-01  1.35093204e+00 -6.32518359e-01
  1.92925338e-01 -1.07579497e+00  1.13821560e-01  1.10042171e-01
 -2.21339689e-04  2.75347218e-01 -3.50898865e-02 -2.14798243e-01]",1.0,3,4,0,0,17060,0,17
6,CMA-ME-Improvement,"[ 0.18663353 -0.30780731 -0.01465882 -0.38401672 -0.31387356  0.38312676
 -0.4323677  -0.05752426 -0.22946201 -0.4266119   0.87812621 -0.57199374
  0.21930634  0.13146894 -0.48271131 -0.31412677  0.77021566  0.29410383
  0.29527351  0.77511595 -0.43071749  0.19454696  0.36863229  0.51952148
 -0.00520904 -0.01310367 -0.15141066 -0.56259692 -0.23751123  0.15691376
  0.39979278 -0.1548857  -0.29230965  0.56620416 -0.68363502  0.12406315
 -0.43938561 -0.7095416   0.6825177   0.27561373 -1.48053648 -0.58311212
  0.17567357 -0.59956129 -0.8617168   0.06598934  0.52515481 -0.21967117
 -0.03691046  0.37441988  0.27265689 -0.07942945 -0.19811746  0.22866242
 -0.21274132  0.26133162  0.40384749  0.20112958 -0.31665872  0.04246894
 -0.18508172 -1.03739696  0.59070301 -0.59544384  0.63907996  0.72889858
 -0.15188127  0.0038946  -0.07170677  0.00439825 -0.45915811  0.3187759
 -0.60031566  0.17498455 -0.21220266  0.2353996  -0.31381129 -0.01079364
  0.29882931 -0.31509812 -0.79701146 -0.14555163 -0.92619309  0.08117985
  0.40704297 -0.26251087  0.26761522 -0.65307107 -0.21887268 -0.29382551
  0.20744812  0.83410597 -0.0278116  -0.19380227 -0.63941528  0.58182914]",0.16647647321224213,0,0,0,0,19340,2,0
7,CMA-ME-Improvement,"[ 0.67340913 -0.57022951  0.14316834  0.29134533  0.20332515 -1.12025716
  0.26859174  0.15501672 -0.20232953  0.35004372  0.31779275 -0.37075
  0.22615226 -0.24568924 -0.69861677 -0.41196611  0.01758345  0.60073209
 -0.53019138 -1.03027128 -0.52890986 -0.0188678  -0.12991136  0.36415763
 -0.33258131  0.62048326  0.03047491  0.06842158  0.45196981  0.09673762
  0.11313393  0.18291835  0.03491711  0.27309838 -1.14179689 -0.22417018
  0.68861022  0.11030177 -0.59786581 -1.52309355 -0.64900852  0.57477988
  0.65080723 -1.24993254 -0.46240029  0.8027648  -0.25119733 -0.03113389
  0.46231817  1.03812332 -0.04434845 -0.03397055  0.63785325  0.18896052
 -0.8254363  -0.29642638 -0.39029748 -0.49908983 -0.17418258 -0.43397153
  0.66043496  0.28056838 -0.06227328 -0.65770684 -0.17766644  0.59475765
  0.31148293 -0.3244398  -0.72278507  1.37870159  0.0897046  -0.63634507
 -0.42439008 -0.64739911 -0.23760188  0.53997304 -0.3036508  -0.65101113
  0.32972165 -0.2237226   0.84553983 -0.45026734  0.75236965 -0.85476806
 -0.72144495  0.02556679 -0.96148676  0.13029342 -0.89479742  0.39561698
 -0.32666758  0.01178571 -0.07839713 -0.74402046 -0.98547527 -0.08070122]",0.16647647321224213,0,0,0,0,19340,0,0
8,CMA-ME-Improvement,"[ 0.90326829  0.01244232 -0.91173928  0.09817524  0.88533302 -0.22098903
  0.51793994 -0.16956253  0.29531954  0.06804045 -0.69991828 -0.18701362
  0.27964404  0.32491564 -0.15557975  0.51161898  0.51420082  0.07341491
 -0.29206671 -0.33989454  0.38781342 -0.74985391 -0.09973569 -0.51744066
  0.23906152 -0.47467374 -0.2757116   0.0679489  -0.04013454 -0.11262617
 -0.16391203 -0.09152094  0.0861261   0.54007375  0.36683993  0.22249621
 -0.33931214  0.05925779 -0.26917354  0.20692601 -0.94003478 -0.26424793
  0.52954604 -0.82328089 -0.51742082  0.50636334  0.10468412  0.46855542
 -0.26229919  0.71353735  0.07426025 -0.77154391  0.09997979  0.27744345
 -0.66220726  0.14578987 -0.14907553  0.13787512  0.30660656 -0.85182238
 -0.16823379 -0.31757762  0.36536391  0.87712022 -0.25846517  0.35937669
  0.61038361 -0.05495815  0.05264988 -0.7217908  -0.09583164  1.41174671
  0.40908337  0.08139791  0.04781489  0.00429473  0.34855961 -0.75030223
 -0.42050447 -0.19680332 -0.10804179  0.90480591  0.1222874  -0.13964282
 -0.10385554 -0.08897945  0.04245829  0.22199941  0.66879176  0.63213313
  0.26133533 -0.00733592  0.1687197   0.39649169 -0.32654372  0.0563903 ]",1.0,10,1,0,0,15560,1,7
9,CMA-ME-Improvement,"[ 0.37608999  0.22510436 -1.53379422  0.2755667   0.63872921  0.66623321
 -0.33397742 -0.03225424 -0.07291669  0.79056502 -0.36224526  0.85470886
 -0.16889399  0.28172333  0.18632769 -0.6800464  -0.76867243  0.24759591
 -0.2074732   0.47610913 -1.13330054 -0.09937272 -0.2488414   0.69039835
  0.16170536 -0.05316917  0.09499073  0.50447483  0.09119819  0.08819073
  0.89616075 -0.02440374  0.29777757  0.55829894 -0.11291696 -0.73897969
  0.45622725 -0.30699278  0.17700345  0.51163191  0.01517854  0.45092411
  0.26446213  0.05277387 -0.68429136 -0.51361062  1.48825754 -0.12937746
 -0.39582534 -0.32624308 -0.03830951  0.2418689   0.03308023  0.92029938
  0.33139508 -0.39621706 -0.47962309 -0.5450034  -0.17740956  0.03086107
  0.06721962 -0.02938278 -1.31961367 -0.30498588 -0.85139195 -0.0725342
  0.20390199  0.15941561  0.38662814 -0.19060545  0.08090442 -0.04177911
  0.05478963 -0.17286508  0.27158537 -0.10736534 -0.58771011  0.02271
  0.67049093  0.5026335  -0.37739363  0.23446738  0.09351913 -0.35111753
  0.36008652 -0.42956194  0.59370292 -0.5559074  -0.4945316  -0.27803612
 -0.80121082  0.13329388  0.10813532 -0.11689299 -0.4547074   0.37119561]",1.0,4,0,0,0,17300,0,0
10,CMA-ME-Improvement,"[-0.78854716  0.35729692 -0.04484803 -0.62545154 -0.09778481  0.10353521
 -0.13108151  0.54711604 -0.76307346  0.377375    0.36521259  0.53633835
  0.46041721 -0.19357988  0.44653653  0.51987928  0.18712784 -0.23832509
 -0.4014672   0.05148528  0.55966943 -0.65235138  0.44727253 -0.68577529
 -0.37474046 -0.36988583 -0.41874482  0.05596043 -0.19987464 -0.08120506
  0.18271877 -0.53934873  0.51426858  0.06030768  0.54026703  0.50274579
 -0.4154018  -0.74053742 -0.02218149  0.72239567 -0.00519526 -0.08663437
 -0.04226026  0.44106567  1.00931694  0.37505144 -0.34735148 -1.17145342
 -0.10433588  0.74919916  0.54775121 -0.35299126  0.49250282  0.91400931
  0.22113314  0.40966087  0.04711286  0.389935    0.54982682 -0.54564169
  0.27228371 -0.38346477 -0.7613467   0.53050341  1.13710158 -0.06131493
 -0.21878181  0.07758554  0.18795397  0.25261217 -0.17862151  0.49868803
  0.35801061 -0.27140049  1.32209326  0.40601703 -0.62775596  0.54716157
 -0.5487517  -0.74424603 -0.08127488 -0.21274047  0.6696191   0.25217938
 -0.80332987  0.24499166  0.10311776 -0.06104191 -0.13688487  0.45005042
  0.3077697  -1.12309182  0.32681422  0.07645436 -0.12169754  0.06447517]",1.0,5,3,0,0,17000,51,15
11,CMA-ME-Improvement,"[-4.63805097e-01 -9.30166766e-01 -9.50047092e-01  2.59879174e-01
  6.87608131e-01  4.44828234e-01 -3.05350811e-01  9.96976872e-02
  2.92798959e-01  4.33479502e-01 -6.96896392e-01  5.39741195e-02
 -1.26195866e-01  9.89649567e-01  5.55171374e-01  4.84532079e-01
 -6.91597619e-02 -1.03163145e-01  1.58676150e-01  2.40308017e-01
 -1.83412028e-01  1.09980052e-01  1.41436297e-02 -8.06696692e-02
  1.76257294e-01 -1.01227214e+00 -1.80220138e-01  1.77740790e-01
  1.90960304e-01  5.17715336e-02 -4.71290809e-01 -1.52855569e-01
 -8.91624471e-02  2.89079948e-01  6.55784445e-01 -1.63767775e-01
 -4.17430493e-02 -8.75614794e-01 -3.51623856e-01  7.75401194e-02
  4.12401192e-01  4.71782145e-01  3.79733563e-01  5.43549387e-01
 -2.69756131e-01 -5.94901209e-01 -1.06013490e-01 -3.70645283e-01
  6.35680614e-02 -2.46172128e-02  7.75355438e-02 -2.11906854e-01
  7.90298745e-01 -6.40890969e-01  8.36360286e-01  2.16933883e-01
  9.43634089e-01  5.59923428e-02  2.63011129e-01  6.87167736e-01
  1.13488180e-01 -7.86136145e-01 -1.32400589e-01  3.49939836e-01
  2.78714043e-01  3.26732510e-01 -5.34016849e-01  2.93452604e-01
  1.39279447e-01 -4.59169610e-04  1.69278526e-01  1.66766498e-01
  1.96896211e-01  4.83189611e-01 -4.83844264e-01 -1.31750591e-01
  3.17045003e-01 -3.51196697e-02  5.33912571e-02  6.78558419e-01
  7.41656209e-01  1.94883513e-01 -1.10947571e-01 -2.67034893e-01
  2.57399596e-01 -8.15651803e-01  1.21625104e-01  1.61388454e-01
 -1.78232275e-01 -4.11129896e-02 -8.74448632e-01 -6.68207587e-01
 -2.89638123e-01  8.49512660e-01  3.23913427e-01  1.11031531e+00]",0.39196309447288513,1,0,0,0,18770,7,0
12,CMA-ME-Improvement,"[ 5.41814828e-04 -2.53311278e-01 -1.34763067e-01  6.48544981e-02
  6.44824606e-01  5.80905652e-01  2.99451469e-01 -4.82313922e-01
  6.39506631e-01 -4.17220025e-01  2.09770842e-01 -2.67007461e-02
  8.69696065e-01 -2.99078970e-01 -4.28164953e-01 -3.43050535e-01
 -7.28925626e-02  3.53876680e-01  1.78413853e-01 -4.02369663e-01
  4.53183895e-02 -5.70204287e-01  2.99914439e-01 -3.66292761e-02
 -3.06261722e-02 -2.00276674e-01  2.94605686e-01  2.50891703e-01
  5.79467806e-02 -5.50574551e-01 -1.87229520e-02 -1.27611662e-01
 -4.66238895e-01 -5.16901235e-01 -1.22388972e-01  7.38166855e-01
  4.75712414e-01 -3.52160373e-01  2.19897008e-02  8.57440308e-01
 -1.18986255e-01 -1.71100292e-01 -1.05690286e-01  1.01347202e+00
 -5.83031319e-01  3.02798358e-01  1.20746425e+00 -1.62324489e-01
  7.82366685e-02 -2.22528544e-01  1.73240228e-02  2.41482546e-01
 -3.59361232e-01 -2.60747737e-01 -2.05202056e-01 -2.21411504e-01
  5.58628211e-02 -1.90833663e-01 -3.53800137e-01  7.19876535e-01
  5.74007450e-02 -3.15792181e-01 -1.28066971e-01 -3.63702214e-01
  4.79856323e-01 -2.47464993e-01  1.68557933e-01  2.34290620e-01
  2.99205840e-01 -1.85044934e-01 -2.42769800e-01  7.59705194e-02
  4.28277789e-01 -1.28375133e-01  5.01771163e-01 -4.31590568e-01
 -7.12073814e-01  2.95720572e-01 -3.09131715e-01  4.59195664e-01
  4.15267543e-01  1.28874883e-01  1.62348577e+00  2.67001631e-01
  9.34828280e-02 -4.41095018e-01  4.88325295e-02  2.66627155e-01
 -4.14784696e-01 -2.88865544e-01  4.53539979e-02  6.90661537e-01
 -6.21880190e-01  4.26360637e-02 -4.86465184e-01  7.00440061e-01]",0.16647647321224213,0,0,0,0,19340,0,0
13,CMA-ME-Improvement,"[ 0.17001912  0.42021525 -0.61767834  0.01711428  0.23371359  1.17513876
  0.11590824 -0.86819595  0.14847389 -0.07928499 -0.53477333 -0.13758036
 -0.65739801  0.59717083 -0.36757149 -0.26244026  0.90050165  0.16759377
  0.45769849  0.14767354  0.56453709 -0.01318601 -0.13135873 -0.57253781
  0.037265   -0.28365817  0.44294702  0.03546452 -0.43231145 -0.47574494
 -0.79182419 -0.96668028 -0.02721398 -0.47596694 -0.55368113 -0.99229091
 -0.38980948  0.01347954  0.50748087  0.22280644  0.75233377 -0.6375641
  0.02494811  0.18900625 -0.05786395 -0.66489129  0.22743391  0.19997612
  0.43068265 -0.76699061  0.6449615   0.67603324  0.55228311  0.39591268
  0.33840316 -0.94905277 -0.41532325 -0.12035216  1.38986202 -0.47045504
 -0.21731309  0.02043503  0.79072002  1.03681387 -0.29664855 -0.44706495
 -0.63424251 -0.50919423  0.49513346 -0.55364668  0.09776323 -0.00312796
  0.70805149 -0.76846471 -0.22470329 -0.29663748 -0.06929484 -0.16357934
  0.18550437  0.30250603 -0.428185    0.17469857 -0.65217078 -0.01394447
 -0.65290037 -0.03015064  0.52549086  0.08201322 -0.13821087 -0.1228552
  0.38110143 -0.38564917 -0.30618191 -0.39384588 -0.10108037 -0.28083158]",1.0,3,2,0,0,17300,0,12
14,CMA-ME-Improvement,"[ 0.68035898 -0.43069385  0.23961708  1.13715152 -0.40265667 -0.62743728
 -0.14705323  0.51250507 -0.27934593  0.15934034 -0.82886872  0.55403842
 -0.66346989 -0.79151759  0.06966218  0.94618198  0.76088829  0.02586555
  0.33791055 -0.39968155  0.51203985 -0.09632216 -0.37017653  0.02425163
  0.71221754  0.28319389 -0.03634983 -0.26573202  0.10282229  0.13619525
 -0.02169619 -0.43224466 -0.12565134  0.02025572  0.09683062  0.60892279
 -0.62325363  0.23436621  0.24515349  0.4373853   0.13053798  0.19184005
 -0.01710485  0.60734368 -0.5195093   0.30890746  0.32364166 -1.18913147
 -0.28345112 -0.78361463  0.43965303  0.32499277  0.30016464  0.23623561
  0.45033093 -0.20304149  0.15936042 -0.1315959  -0.0411947   0.08606352
  0.64742123  0.32929745 -0.45051033  0.30359523 -0.42497674 -0.72937781
  0.36217902  0.12406909  0.28114948  0.40040584 -0.6066962   0.69845917
 -0.43288616 -0.51225509 -0.1854119   0.17732406 -0.48796958  0.25751389
  0.03853983  0.29608998  0.60784143  0.70062217 -0.29598045  0.04488428
 -0.27574822 -0.87660366  0.14710117 -0.86749031  0.39816957 -0.06778951
  0.24456748  0.82029716  0.31619795 -0.59927446 -0.13376524 -0.09202901]",0.16647647321224213,0,0,0,0,19340,0,0
15,CMA-ME-Improvement,"[-0.30549598 -0.45990213 -0.1414328   0.6749458  -0.41370021  0.39716712
 -0.18593421 -0.61662205  0.46529002 -0.37557061  0.03049574 -0.34602939
  0.4802998  -0.25064346  0.70818899  0.2283755   0.51234666  0.15301503
  0.35599192  0.24467966 -0.45622686 -0.42516791  0.13171883  0.90668151
  0.03666049 -0.54661473 -0.16350574  0.30636005 -0.33978061  0.42293965
  0.08144306  0.3933646   0.73830587 -0.06060799 -0.32261736  0.71415777
 -0.15650975 -0.16219587  1.13645439 -0.01914326 -0.49391886 -0.2662084
 -1.07196863  0.14018101  0.6728687  -0.0933305  -0.1440661  -0.80867282
  0.65237761  0.08810249 -0.54531108  0.03862368 -0.41107455 -0.08347959
  1.2822186  -0.30671609  0.13847328  0.20435997 -0.17698566  0.90310245
  0.90706321  0.61687375 -0.56745764 -0.72404472  0.0833106  -0.34839796
 -0.46110016  0.22351553  0.14630068  0.16847185  0.51982791 -0.38538315
  0.19352798  0.12065853 -1.00070567  1.13735784  0.25540734  0.09382547
 -0.09585639 -0.15588119 -0.49585198  0.47482388 -0.23373348  0.00303364
 -0.41826856 -0.08634276  0.46910817 -1.04730268 -0.24610894  0.19927015
  0.03206526 -0.67193679 -0.57841573  0.34741251 -0.32285228 -0.43697031]",0.16647647321224213,0,0,0,0,19340,33,0
16,CMA-ME-Improvement,"[-0.11177421 -0.47248243  0.41078333 -0.70999843  0.55143597  1.13482948
 -0.31328942  0.10335807  0.53683887  0.26890333  0.47065835 -0.92261943
  0.00794983  0.16750241  0.69143302  0.29042765  0.3191091  -0.84061951
 -0.14146736 -0.11836616 -0.64379487 -0.22337705  0.12622719  0.11753196
 -0.45892203 -0.43791887  0.18232331  0.34036007 -0.75143752 -0.67768784
  0.17211742 -0.01916257  0.30039709  0.32439547 -0.52897412 -0.80289679
  0.09607707 -0.17478246 -0.38402623 -0.24813821  0.3525302  -0.2329436
  1.09373746  0.74284019  0.36087272 -0.32197142 -0.35480237  0.02815774
 -0.11246377 -0.68109249  0.58807972  0.61455231 -0.34661399 -0.17699819
  0.47927849  0.42431389  0.06865013 -0.43691727 -0.07814022 -0.03160393
  0.21199405  0.59572297 -0.22615803  0.07368774 -0.18271352 -0.25611522
  0.15452804  1.09947571  0.23756748 -0.28352717  0.01576599  0.57749166
  0.41072132  0.07917311 -0.94006271  0.55966974 -0.06641589 -0.52293071
 -0.06097846  0.57740122  0.11837253  0.26197106  0.48276857  0.07709246
 -0.67690183 -0.51930454 -1.28532202 -0.66438885  0.10504313  0.01936964
  0.84273622 -0.93385395  0.49272676 -0.32445465 -0.62608411 -0.52084542]",0.16647647321224213,0,0,0,0,19340,0,0
17,CMA-ME-Improvement,"[ 0.23941029  0.79996031  0.23949929  0.49488082 -0.1396256   0.14645427
 -0.26326177  0.55101801 -0.25154626 -0.31535924 -0.06160591  0.15607901
  0.71256475  0.10827839  0.0710679   0.59686835 -0.36918401 -0.07946453
  0.26928666 -0.53899839  0.37832719  0.27384539  0.81000409  0.12471893
 -0.00735809  1.07835581 -0.11007581 -0.66330198  0.6942518  -0.1896528
  0.19523012  0.22783381 -0.57599006  0.89160451  0.85718973  0.28033649
 -0.10752333 -0.62969765 -0.32771031  0.10495016 -0.35790792  0.01519234
  0.20354016 -0.02355699  0.84012919  0.65703036  0.5000521   0.71278501
 -0.9730483   0.24656161  0.3996672  -0.71343595  0.59509003  0.1816377
 -0.31860642  0.04523102 -0.35910079  0.05473845  0.46254474  0.17739215
 -0.4978191  -0.34463716  0.14330144 -0.17803293 -0.2107453  -0.39218231
 -0.00733736  0.15344909 -0.55959405  0.50420775  0.33058834  0.75370574
  1.0552829   0.58340308 -0.37562116 -0.29663608  0.04964544  0.36033084
 -0.10902689 -0.30881722  0.13583647 -0.1437355  -0.27823068 -0.42967536
 -0.10231214 -0.01737253  0.01123279 -1.25468527 -1.1162688  -0.29778954
  0.53559793  0.35820071 -0.55137061 -0.71309564 -0.78024879  0.49100081]",0.16647647321224213,0,0,0,0,19340,0,0
18,CMA-ME-Improvement,"[-9.11515400e-01  6.94965946e-01 -2.22051715e-01  1.09593195e-01
  3.20508694e-01  5.29071027e-01 -2.73874920e-01 -7.30705378e-01
 -1.07149707e-01  1.16019961e+00  5.46426594e-01  2.49586673e-01
 -5.42361279e-01  5.85886553e-01 -1.13217225e-02  1.87897075e-01
  6.13305046e-01  8.95336286e-02 -3.47956086e-01 -6.07223963e-01
  4.63658554e-02 -1.09837731e+00 -9.90303725e-02  3.19924940e-01
  2.59825509e-01 -8.37564496e-01  3.72486756e-01  5.97115100e-01
 -5.08928558e-01 -1.02457024e-01  4.87226534e-01  2.52742984e-01
  2.32955328e-02 -1.22306950e-03  7.41100225e-01 -7.58578793e-02
  1.49252475e-02  8.87825363e-01 -5.17060038e-03 -3.85869506e-01
 -5.13869672e-01 -5.70299181e-01  4.96347409e-01  8.78712208e-03
 -1.60977818e-04 -3.06918362e-01 -2.20586158e-01  2.41362457e-01
 -3.33631728e-01  4.05172820e-02  2.33875596e-01 -2.34207471e-01
 -4.01603915e-01  8.16067172e-01  2.16694555e-01  6.51193530e-01
  4.35526288e-01  1.08869898e-02 -4.53497881e-02 -2.73687071e-01
  6.58455093e-01  1.38029606e-03 -3.06990380e-01  6.28531817e-02
  9.03139778e-01  3.50055019e-01  3.10210174e-01 -5.10586054e-02
  1.75798750e-01 -1.04946910e-01 -5.62639029e-01 -2.49542494e-01
 -1.15887303e-01  7.05832999e-01 -2.38834638e-01 -6.83254018e-01
 -4.36708305e-01 -5.92812710e-01 -5.74351887e-01 -1.55685662e-01
 -2.23109696e-01  3.86918402e-01  1.88119301e-01 -3.07584181e-01
 -3.26055406e-01 -5.04012979e-01 -2.91684977e-01 -1.69780746e-01
  2.38033213e-01  1.18317041e+00  8.79619401e-02  1.08078903e-01
 -1.48800336e-01  4.66540987e-01 -1.70784902e-01  7.98801956e-01]",0.16647647321224213,0,0,0,0,19340,0,0
19,CMA-ME-Improvement,"[ 0.09670138 -0.44827072 -0.29761586 -0.64126676  0.00904902  0.27946121
 -0.44301301 -0.81337594 -0.71991181 -0.1976554  -0.17005665  0.35100842
  0.21502177 -0.11627019  0.00862943 -0.3772909  -0.67538204 -0.51741459
  0.65378829  0.27210803  0.24313539 -0.11251994 -0.06521304  0.09316677
  0.22818272 -0.78057625 -1.22732074  0.82442235  0.36164261 -0.89954799
  0.23305841 -0.532541   -0.0746741   0.59289309 -0.09161882  0.0157406
 -0.5118979   0.10651782 -0.34058695 -0.90285104 -0.49928666 -0.21232155
  0.34745496  0.19679224  0.33167171  0.26129856  0.40519698 -0.34390869
  0.34472447 -0.02123897 -0.13862022 -0.5456224  -0.07217545 -0.12184718
  0.35119345  0.11414799  0.10654624  0.43856543 -0.39879189 -0.70766224
  0.60893572  0.20098647 -0.12784645  0.12931914  0.28346415 -0.86424856
  0.44518828 -0.74605681 -0.76929892 -0.65642414  0.02654561  0.37048284
 -0.23096834  0.53103079 -0.2861348  -0.10597803 -0.04604074 -0.64227239
  0.7117765  -0.05971803 -0.01087151  0.04722125 -0.34760951 -0.55648766
  0.00880548  0.32881496  0.09018541  0.31288324 -0.15420949 -0.47635637
  0.03194166  0.09489628  0.55519065  0.2227781   0.14813142  0.80726727]",0.5677083730697632,3,1,0,0,17960,8,3
20,CMA-ME-Improvement,"[-0.31602022  0.77648728 -0.45704447 -0.20602242  0.2621225   0.83858608
  0.28171708  0.47734991  0.67579127 -0.62562458  0.3360123  -0.11524733
  0.00160415  0.43656323 -0.75366114  0.28041254 -0.38107446  0.37897784
  0.36149233 -1.28390537 -0.14267484  0.2280341   0.50657157 -0.43041916
 -0.12577021 -0.58904454 -0.16474305  0.25695219  0.09240426 -0.04891721
 -0.60441456 -0.03176652  0.77980844  0.55001639  0.26302054  0.84288311
  0.10518827 -0.61387022 -0.10214698 -0.05585255 -0.27735059 -0.67032639
 -0.32538608  0.82975695  0.79034363 -0.04230339  0.58646457  0.23957549
  0.05700679 -0.02160778 -0.33675248  0.5825717   0.42662148  0.19245962
  0.41646579  0.06852563  0.47414011 -0.08634969  0.1918233  -0.44267485
  0.36240514 -0.48049161  0.21140854  0.02634331 -0.45344514  0.23855781
 -0.28791534 -0.49829459 -0.05879102 -0.59769192  0.02039725  0.52693254
 -0.3281291  -0.42839351  0.0199228  -0.27558582 -0.26143015  0.43276923
  0.2236406  -1.00782038  0.31459222 -0.22507563 -0.43162537  0.53859574
 -0.23461365 -0.21012583  0.23868887 -0.32104703 -0.28967846 -0.07451692
 -0.01206439 -0.15587812  0.4987296  -0.15453106 -0.67703362  0.4822008 ]",0.16647647321224213,0,0,0,0,19340,0,0
21,CMA-ME-Improvement,"[-0.68007632  0.70434652 -1.51605895  0.16032283 -0.51631833  0.61869737
  0.30812185 -0.8336951   0.06981911 -0.76964092  0.33503607 -0.27061465
  0.21254005 -0.34776444 -0.34633756 -0.02768607 -0.73441668  0.37094436
 -0.36049214  0.08559307  0.19719563  0.13715718 -0.34773679 -0.46285117
 -0.26624668 -0.72053758  0.95596483  0.17807166 -0.01608404 -0.38512239
  0.3233185  -0.92261175  0.02081256 -0.34269148  0.01324335 -0.3769311
 -0.65364977 -0.62223005 -0.25790771  0.98594119  0.06953381 -0.26975285
  0.64882501  0.11850734  0.02869339 -0.71642334  0.66745343  0.40502665
  0.32332298  0.00508529  0.24395911  0.15030233  0.06648535  0.32196507
 -0.26556358 -0.24630639 -0.53549658  0.52192219  0.43917296 -0.78351783
 -0.10352936  0.37750206  0.1668844   0.48969339  0.68710244 -1.13824765
 -0.02528857 -0.08313138  0.4926996  -0.36780858  0.06207104  0.97661949
  0.39983906  0.32623026  0.44021239  0.25131302  0.0330513   0.23099294
  0.23008849  0.99267095  0.07035315  1.04666148  0.51653733  0.11169668
  0.04517294 -0.22311262 -0.26181637 -0.49625191  0.12360189 -0.12278156
 -0.14214083 -0.48903291 -0.19603463 -0.09344176  0.46094698  0.62117151]",0.6774581670761108,2,0,0,0,18080,0,2
22,CMA-ME-Improvement,"[-1.04371137  0.89793832 -0.10021679  0.59343758  0.1525078   1.09325418
 -0.17430317  0.13797086 -0.32537625 -1.35757658 -0.47251082 -1.17243851
 -0.33263475  0.16961569 -0.14140502 -0.10661516 -0.44022548  0.29195253
 -1.31427151 -0.24746385 -0.00230277  0.4495072  -0.07798649  0.02348992
  0.81747119  0.01784621 -0.45065411  0.2449783   0.14564922  0.02928622
  0.67752416 -0.26214606 -0.18461659  0.28369312  0.23054665  0.3780891
  0.58081087 -0.76153623  0.52450893 -0.01158002  0.37495568 -0.64830246
 -0.3946279   0.83996488  0.61317974  0.10540321  1.22674645  0.40235647
 -0.95132719 -0.22717766 -0.66427092  0.7094579   0.8721134   0.41917069
 -0.07413791  0.05484197  0.95442532 -0.38424521  0.43358304  0.46558456
  0.17168618 -0.34815042  0.86232995  0.59601242  0.48808756 -0.76138181
 -0.76364025 -0.670771   -0.0165473  -0.2904928  -0.32797781 -0.10241338
 -0.06575083 -1.09250583  0.11583176  0.58516813  0.41470103  0.25157574
 -0.65765376 -0.67777792  0.40449015  0.69366364 -0.19174955  0.35015558
 -0.40155503 -0.39005065 -0.35894687  0.42989751 -0.27381092  0.54220428
  0.19442208 -0.3320381  -0.08498156 -0.40130577 -0.56408862 -1.2654545 ]",0.16647647321224213,0,0,0,0,19340,0,0
23,CMA-ME-Improvement,"[ 1.44509876e+00 -7.98994812e-02 -1.01900791e-01  2.69768162e-01
  2.67383010e-01  2.45347301e-01 -2.25739618e-01 -2.16659040e-01
 -2.41532888e-01 -3.22894624e-01 -2.19994150e-01 -6.78197082e-01
  3.70424379e-01  4.63399383e-01  8.17356596e-01 -5.00797110e-01
 -1.45672700e-01 -2.86842182e-01  9.06980206e-01 -9.30641936e-01
  7.20139149e-01 -3.61549346e-01  6.47142457e-01 -1.04673186e+00
 -6.74319964e-02 -4.96856109e-01  2.76746804e-01  8.73599440e-02
 -2.74809904e-02  9.49515168e-01 -4.12640651e-01 -7.54089837e-01
 -4.04559266e-01  8.22788721e-01 -3.63450587e-01  2.53840545e-01
 -1.06361581e+00 -8.33308451e-01 -6.07033677e-01  2.80574504e-01
 -2.80289995e-01 -2.08257548e-01 -3.86302615e-02  9.51595690e-01
 -9.04802593e-01 -1.22860031e-01  6.99120825e-01 -3.19990239e-01
  4.97719252e-01  5.81583314e-01  2.20810030e-01 -3.85547533e-03
  1.21877236e+00  1.44063204e+00 -5.48966152e-01 -2.67726313e-01
 -8.62216842e-02 -5.06307629e-02  5.99124369e-01 -8.25454941e-01
  2.27597402e-01 -1.95543408e-01  3.42207550e-01  9.18456241e-01
 -1.18995167e-01 -9.05792275e-02  2.20350376e-01 -6.45955408e-01
  2.38465566e-01 -9.14222081e-01 -2.49591574e-01  2.89626429e-01
  1.28176584e-01 -4.66240554e-01  2.75927015e-01  1.43570320e-03
  1.93756439e-01 -5.35243706e-01  5.34025058e-02  3.66249456e-01
 -7.16279454e-01  7.37170070e-01 -3.05893512e-01 -5.87655087e-01
 -5.64087027e-01 -3.13569688e-01 -1.30294774e-01  1.28612404e-01
  4.76612113e-01  1.57782202e-01 -6.14713418e-02 -4.13859154e-01
  1.83701679e-01 -7.83518965e-02 -4.15497610e-01 -4.68942779e-01]",1.0,5,1,0,0,16940,15,4
24,CMA-ME-Improvement,"[-0.15694186  0.38155915 -0.48609783 -0.15946945 -1.12399472  0.19812893
  0.19101815 -0.36878203 -0.37309107  0.51625098 -0.14115303  0.95036965
 -0.38464933  0.61142468 -0.37763141  1.39322428 -0.50860693  0.16060296
 -0.79738159 -0.05491541  0.52572285 -0.52682343 -0.07743091 -0.00809289
  0.65366294 -0.70555181 -0.48637784 -0.2259687   0.59063873  0.1663144
  0.06288627  0.06969937  0.17714273  0.19631192  0.34579509 -0.62164835
 -0.30403824 -1.20476656  0.52716493  0.10900423 -0.11349244 -0.01911914
  0.30458657  0.3461096   0.32267973  0.11185311  0.22796727 -0.3444095
  0.13439786  0.23538134  0.38270379  0.33416835  0.04212329  0.47787648
  0.55763202 -0.15102912 -0.19492512  0.39169813  0.42603372 -0.32829178
  0.16899671 -0.11453631 -0.06144866 -0.07435708 -0.3555004   0.57303953
 -0.09981574 -0.37626019  0.52827519 -0.36316923 -0.12748224  0.21070638
 -0.3715498   0.37159781  0.6125308   0.30901357 -0.13155851  0.31907196
  0.28377726  0.9566555  -0.6942299  -0.0451339  -0.2661036  -0.04379046
  0.12963665 -0.01759462  0.11243253 -1.0710128  -0.18743514 -0.58764367
 -0.3460678  -0.11208314  0.11989997  0.29356888 -0.04406959  0.11962416]",0.16647647321224213,0,0,0,0,19340,0,0
25,CMA-ME-Improvement,"[-9.51409124e-01 -8.03968628e-02  8.66458052e-02 -2.42902477e-01
 -8.20805349e-01 -2.94994569e-01  6.95930176e-01 -3.70369882e-01
  1.63814211e-01  2.72599019e-01 -6.37518068e-01  6.12125323e-01
  2.83798885e-01  4.36067518e-01  7.33556961e-01 -1.48564919e-01
  1.60246306e-01  4.72074775e-01  1.74545896e-02 -3.72087100e-01
  1.07793487e+00 -1.38094893e+00  3.18746492e-01 -5.54411013e-01
 -3.16831188e-01 -2.00292453e-01  7.02481470e-01 -9.31176884e-02
  2.52700634e-01  4.98275796e-01 -9.59714965e-01 -1.00318398e+00
 -1.03369448e-01  3.54696899e-01  1.35755079e-01  1.15327661e-01
 -1.82802714e+00 -5.35957662e-01 -2.48780885e-01 -1.16007758e+00
 -4.85488617e-04  1.82733247e-01 -1.45110578e-02  4.01381381e-01
 -1.95010280e-02  1.79094663e-01 -3.73575891e-01 -2.87129680e-01
  1.60562819e-02  2.94820771e-01  3.40493440e-01 -2.72194275e-01
  7.42008626e-01  4.03893836e-01  9.99919386e-02 -9.73358600e-01
 -4.94202509e-01 -4.77502562e-01  7.10305444e-01 -1.14019109e+00
  9.31179711e-02  5.00536630e-01 -3.95634156e-01  3.75774047e-01
 -3.65232694e-01  9.09502072e-01 -2.36576549e-01 -5.35270617e-01
  5.45293008e-01 -7.49171320e-01  6.59504327e-01 -2.89481243e-01
  6.29029186e-01  5.05989831e-01 -2.18401426e-02  3.93156582e-01
 -5.29844366e-01 -1.18493338e-02  1.22850225e-01 -3.49616619e-01
 -6.93370793e-01  4.88377221e-01  6.95851657e-01  6.45527868e-02
 -2.46521647e-01  1.39112940e-01  5.92575870e-01 -5.20786953e-01
 -1.19485153e-02 -3.37908487e-01  1.64652721e-01 -3.76116278e-01
 -2.06964894e-01 -1.91244232e-01  4.45424644e-02  4.35327051e-01]",1.0,4,1,0,0,17300,78,6
26,CMA-ME-Improvement,"[-0.1808162   1.18403842  0.93736757  0.61921421  1.24468862  0.17104996
  0.94077048  0.16748419 -0.17015622 -0.22083267  0.08566692  0.13609502
  0.56842587  1.24429293 -0.27941136  0.28923101  0.44717497  0.0190302
  0.69516954  1.03772968 -0.08626708 -0.00836029 -0.05491004 -0.18094168
  0.18714438 -0.92390226  0.32955327 -0.15222653 -0.07366169 -0.71320267
 -0.51443131 -0.52653684 -0.22684509  0.88162873 -0.79178673 -0.01591789
  0.54218634 -0.4214998   0.77909081  0.5568302   0.13904053 -0.2347618
 -0.16427691 -0.64123783  1.2535158   0.09149672 -0.69681976  0.25800661
  0.20268348 -0.18423053  0.28147634 -0.68081625  0.20879027 -0.30405095
  0.67617413  0.00498595 -0.05076877  0.3248484   0.36907822  0.10743163
  1.03495059 -0.42886309  0.54575486  0.17177992  0.28922781  0.20508088
 -0.39113637  0.40126181  0.01891196 -0.42158364 -0.26586997  0.30385785
  0.1893467  -0.33811458  0.36992161  0.28218788 -0.17005166 -0.15256369
 -0.45230801 -0.29583049  0.46322016 -0.18425557  0.23033137  0.19558856
 -0.35434789 -0.37055843  0.17991279  0.29158807  0.49062684  0.42539811
  0.23591239 -0.29193392  0.40134917 -0.01294655 -0.25117016  0.49324407]",0.16647647321224213,0,0,0,0,19340,0,3
27,CMA-ME-Improvement,"[-3.07715825e-01  4.30787852e-01 -8.59209111e-01 -4.59307923e-01
 -1.84682997e-01 -3.02310818e-01  2.19389188e-01 -1.64781006e-01
  5.91044038e-01  6.27873896e-01  2.11697647e-01  6.12802530e-04
  1.46045089e-01 -6.16980872e-01  7.87599658e-02 -7.90648523e-01
  4.51253058e-01 -3.66461725e-01  1.43736730e+00 -7.08933086e-01
  4.42566931e-01  2.03587491e-01 -3.32674045e-01 -9.31437710e-01
 -2.19747083e-01 -2.64144718e-01 -1.82922983e-01  4.47725233e-01
  2.67125888e-01 -3.27437598e-02 -6.11511832e-01 -7.91493544e-01
 -5.83208661e-01 -1.14778666e+00 -4.56149416e-01 -3.95808717e-01
 -3.75376011e-01 -1.88858736e-01 -3.44306124e-01  1.07622311e+00
 -3.02912069e-01 -3.23015536e-02  5.70701080e-01 -3.71603332e-01
 -6.77187201e-01 -5.16271307e-01 -7.80364208e-03 -4.24265096e-01
  8.59246984e-01  1.16990949e+00  2.20952300e-01  2.73546207e-02
  3.13171632e-01  6.42760068e-01 -5.49200945e-01 -4.41444734e-01
 -3.09757226e-01  9.92803432e-02  1.15181630e-01 -4.41483555e-01
 -6.02293131e-01  5.74881765e-01  8.46353859e-01  6.07971813e-01
  2.63984225e-01 -3.00427071e-01  3.70987994e-01 -1.50174604e-01
  2.08013195e-02 -6.66614586e-01  4.32355878e-01  7.82177426e-01
  2.94302672e-01  1.05147043e-01  1.87889325e-01  2.35416427e-01
  1.02568576e-01 -3.01592851e-01 -3.75974331e-01  9.81695283e-01
 -7.42767205e-01  9.25120549e-01  3.41472878e-01 -3.74698943e-01
 -6.86798159e-01  5.77633017e-01  2.32542192e-01 -2.52210295e-01
  1.09074594e+00  2.62500929e-01  2.96633531e-01 -1.99750024e-01
 -1.52495744e-01  1.76335859e-01 -2.42310144e-02  6.41171392e-01]",1.0,3,3,0,0,17240,4,6
28,CMA-ME-Improvement,"[-0.15729704  0.08388927 -0.35267615 -0.02805685 -0.16881498  0.00104376
 -0.16603291 -0.82390758  0.20691153 -0.19308726  0.16062572  0.00817164
 -0.81668092  0.40586509 -0.2840445   0.0436319   0.09023796  0.58117938
  0.59941788 -0.16308104  0.14766144  1.03555656  0.07584542  0.6849535
 -0.46771074 -0.85263658 -0.58046842  0.57631175 -0.10764971 -0.02938209
  0.86172282 -0.38282264 -0.44219071  0.50959273 -0.03429955 -0.62126376
  0.41432489 -0.34407325 -0.0755645   0.25713351 -0.15338998  0.33940942
  0.54391017  0.35109457  0.51716918 -0.11842106 -0.14844398  0.31567644
 -0.23199375  0.14496924 -0.51834756  0.53138503  0.32219681 -0.15922741
  0.80896394 -0.38235351 -0.12655368  0.10451174  0.16199221 -0.57188169
  0.25964801 -0.47872288 -0.06618817  0.35632697  0.48746091 -0.27546018
  0.123453   -0.18799106 -0.29136256 -0.39850462 -0.02485902  0.31069741
  0.70872522 -0.33375646  0.51812392  0.54765834  0.15484213  0.19042815
 -0.31254893  0.83306928  0.15034173  0.57710868 -0.43088589 -0.18656955
 -0.40571557 -0.02173764 -0.15096254 -0.1880396   0.31741108 -0.00583033
 -0.13409351 -0.5203925   0.6273401   0.1373772  -0.07472098  0.03610679]",0.21242979168891907,1,0,0,0,19220,0,0
29,CMA-ME-Improvement,"[ 0.87488686  0.84442504 -0.13341764  1.24493163  0.97981697  0.14089278
 -0.46993347  0.05817231 -0.70228615  0.25119007  0.30976015 -0.1606386
 -0.72660952  0.72169671  0.27140402 -0.19033298 -0.26954147 -0.07379853
  0.17343691  0.66564589 -0.54666111  0.89555034  0.44352395  0.061718
 -0.13063385 -0.07148609 -0.15090652  0.37729559 -0.28706454 -0.43364512
 -0.65527025 -0.31745239  0.40356082  0.93509763  0.53385596  0.482197
  0.14294274  0.32964611  0.48521054 -0.18207568 -0.3186203  -0.55507049
 -0.15270216  0.11996711  0.66878371 -0.51439876  0.04126431 -0.44373515
  0.80598168 -0.53168106  1.37354839  0.17502764  0.50853676  0.86137917
  0.43634495  0.08943939 -0.62386244  0.36757148  0.25006682  0.06987194
 -0.16861835  0.07135276  0.96075232 -0.13528453  0.55457488 -1.05140484
 -0.48812658 -0.38319749  0.1672618   0.01260947 -0.07774125 -0.18331953
 -0.0634604  -0.26513242  0.75284759  0.34667141  0.10594571 -0.36066765
  0.92551359  0.69146051  0.06216834  0.05567344 -0.69501259 -0.25727564
 -0.06543544 -0.40687407  0.17384671  0.44382293  0.25818085 -0.11530851
  0.30443969 -0.30188497 -0.23185362  0.52047272 -0.05793023 -1.2002003 ]",0.16647647321224213,0,0,0,0,19340,0,0
30,CMA-ME-Improvement,"[-1.05140547 -0.46590062 -0.45206703 -0.85162595 -1.07864989 -0.35479567
  0.00649132 -0.29373437  0.39622637 -0.5794199  -1.33623245 -0.43213979
 -0.49419395  0.89306768 -0.35915105  0.59770252  0.39002355  0.35531961
 -1.13466691 -0.07414699  1.07919773 -0.55850783  0.31254317  0.55937845
 -0.88481748 -0.06219132  0.58059162 -0.73159549  0.36164437  0.47985135
 -0.35749423 -1.0046287  -0.40128702  1.03402782 -0.44110524 -0.98458029
 -0.82932148 -0.74841192  0.97143212 -0.47363929 -0.12360232 -0.34802454
  0.56371606  0.15008765  0.49985911  0.00182834  0.98290182  0.22792606
  0.28421796 -0.14097539  0.23826154 -0.10825022  0.4608846   0.45325448
 -0.05447689  0.08784657 -0.57853413  0.0961295   0.10425111 -0.75624388
  0.01894425  0.10092508  0.10981038  0.95574823 -1.21848127  0.09643155
  0.15921311 -0.33560303  0.69533977 -0.4975779   0.01261008 -0.43959961
  0.68820789 -0.50589769  0.4817199   0.7421402  -0.11473983 -0.29684838
 -0.8001274   0.6041037   0.25410273  0.24231942 -0.38391463  0.20205758
 -0.51386369 -0.52637793  0.29183299 -0.32037064  0.33424837 -0.01281629
 -0.14806324  0.02629363  0.352211   -0.23919302  0.00485104 -0.61798803]",1.0,4,0,0,0,17300,43,1
31,CMA-ME-Improvement,"[-0.1204207   0.13060075 -1.72142106  0.15984399  0.04402492  0.69533721
 -0.48037287  0.43832802 -0.20970332 -0.23531994  0.02114028  0.33519011
  0.15167255  0.57321599  0.04477098 -0.22715347  0.34304282 -0.37759251
  0.25208829 -0.72469614  0.64081292 -0.86766898  0.12340996 -0.53021378
  0.26488419  0.06622099  0.4312745  -0.02169746 -0.86354435 -0.67977392
 -0.55398732 -0.55065999  0.13770108  0.26342877  0.28187702  0.07971313
 -0.7031641  -0.37217377 -0.20318494  0.17387483 -0.31551837 -0.03153655
  0.24071991  0.19375274 -0.19157128 -0.39343919  0.8054923  -0.27452822
 -0.21737755 -0.42217957  0.157428    0.26328528 -0.07345406  0.27732685
  0.04761635 -0.29670639  0.5326864  -0.09969804  0.83158457  0.31140156
 -0.05053028 -0.34181728  0.39392634  0.67636713 -0.15807229 -0.72264047
  0.2401801  -0.12394102 -0.01284468 -0.49920951 -0.17598471 -0.0714125
  0.34494962 -0.51231852 -0.3210246   0.20667198 -0.76734287  0.1877639
  0.48715574 -0.80076177 -0.53144261  0.38330331 -0.05847029 -0.27160548
  0.10905259 -0.40041385  0.46574241 -0.16749413 -0.31900953  0.05921501
  0.50332962 -0.44797715  0.23678911 -0.35672007 -0.74680982  0.51936589]",0.9998054504394531,24,3,0,0,0,19,11
32,CMA-ME-Improvement,"[ 4.36178445e-01 -1.35808447e-01 -8.60896366e-01 -8.33933856e-01
 -1.26605588e+00  7.95481927e-01 -2.21314312e-02  2.09406770e-01
 -3.26914766e-01 -1.75259189e-01  4.73599513e-01 -1.61851074e-01
  1.04192946e+00 -2.76376708e-02  4.39163106e-01 -1.08896781e+00
  3.84510955e-01 -3.70661205e-01  9.22117496e-01 -2.03885342e-01
  1.40046623e-01  3.44717773e-01  9.73096141e-01 -3.19323500e-01
  8.04493942e-02 -1.96668774e-01  7.91764530e-01 -2.31729497e-01
 -3.13056823e-01 -4.04654985e-01 -1.46889889e-01 -8.64955926e-01
  7.39981061e-01  1.98396816e-01  7.13047158e-01 -2.62223584e-01
 -1.26966140e+00 -3.59767176e-01  1.60144888e-01  4.53666553e-01
 -3.91349486e-01  1.88374196e-01 -1.77290394e-01 -3.35128593e-02
  9.37186912e-01 -3.75504391e-01  3.92954811e-02  1.07634567e-01
  3.64067033e-01 -2.97279083e-01  7.07539831e-02 -6.33119697e-02
 -1.15159365e-01  7.21847537e-02 -1.77503648e-01  1.04333280e-01
 -6.35354077e-01  4.85585779e-01  5.96241602e-01 -3.53280438e-01
  1.35163655e-01  3.55926702e-01  5.25790104e-01  2.54713222e-01
 -2.61187925e-01 -1.59098326e+00 -8.33214218e-04 -2.09577276e-01
  3.32318678e-01 -1.89510179e-01  5.31555502e-01  5.51203164e-01
  6.42261018e-01  2.38554476e-01  5.41609100e-01  1.36934030e-01
  2.38294975e-01 -7.29784406e-02  2.31018175e-01  4.30655498e-01
 -2.93057671e-02  1.11922017e+00 -1.71122836e-01  1.81302960e-01
  2.57817318e-01 -4.65140591e-02  7.00611897e-01 -4.45108173e-01
  4.04558409e-01  5.96491643e-01  7.89194973e-01 -3.67620888e-01
  6.58818234e-02 -8.58434138e-02  4.92552667e-01  1.28186439e-01]",0.6774581670761108,3,0,0,0,18080,6,6
33,CMA-ME-Improvement,"[-0.05736156  0.04833962 -1.08743164 -0.70597371 -0.50366617  0.10671092
  0.60030451  0.07949934 -0.45531671 -0.93565996 -0.38769224 -0.38100183
  0.9238106   1.04863731  0.23113507 -0.55679257 -0.22625303 -0.61191899
  0.24877458  0.41681093 -0.02325624 -0.72679808  0.32756536  0.07102998
 -0.01850632 -0.78625779  0.99447294  0.13757561  0.64141832 -0.82225657
 -0.15191909 -1.1520145  -0.32832547  0.37975531  0.19670114 -0.61679864
 -0.30207797 -0.51440327  0.18816508  0.5697433   0.20605246  0.10043041
  0.24237502  0.20557135  0.38881748  0.41023857  0.80168295 -0.23207554
  0.06542123  0.31819847  0.01492797  0.23116374  0.31607315  0.25102447
  0.16689755  0.43872148 -0.15844363 -0.1026025   0.29320142  0.24629152
  0.24413777  0.44733827 -0.69839594  0.92450058 -0.30476229 -1.77977664
 -0.08779442 -0.49046738  0.17029607 -0.85403603  0.09946199  0.81974192
  0.59114832  0.03586714 -0.04470402 -0.18815789 -0.29631904  0.26331948
  0.17746738  0.34916811  0.57401173 -0.09401413 -0.02642106 -0.15722023
 -0.71046224 -0.16395561  0.65367777  0.30666351 -0.15245499 -0.01638204
  0.48138533 -0.66228306  0.28089263 -0.13710457  0.39032951 -0.20299384]",1.0,3,3,0,0,17180,0,12
34,CMA-ME-Improvement,"[-0.82681604 -0.3865652   0.06838063 -0.24564583  0.34570836 -0.47505434
 -0.3306561  -0.02289214 -0.13130149 -0.17891158  0.20131865 -0.35608519
  0.12865286  0.47318761 -0.2118764  -1.062373    1.06425992 -0.75086884
  0.62457594 -0.48632761  0.47746717 -0.56143553 -0.08331686 -0.63162748
 -0.02078659 -0.76106246 -0.21536143  0.44502713 -0.35880573 -0.51003389
 -0.35606561 -0.55231775  0.07480533 -0.13793268 -0.86997591 -0.37292068
 -0.31132376  0.01102446  0.48206666 -0.07221832  0.20475044 -0.52794073
 -0.43466999 -0.42688462 -0.3329121   0.06873474 -0.45327173  0.63979022
  0.66103666 -0.31822634  0.08436216 -0.48022408  0.06040233  0.00532656
  0.53400992 -0.39753859 -0.49995403  0.39015004 -0.03459163 -0.29111772
 -0.48262394  0.45200061  0.40260789  0.36325827  0.61668922  0.07245281
  0.02639562 -0.11561204 -0.14331872 -0.17638195 -0.16115358  0.66661018
  0.9371585  -0.41148806  0.8623272   0.00360865 -0.29804359 -0.63025813
 -0.39281867  0.0475738  -0.37483289 -0.14913078  0.1434158  -0.10382457
 -1.07680083  0.60979166  1.51305846  0.30241165  0.09226593 -0.03057158
  1.17235202 -0.24750397 -0.03439265  0.2551592  -0.05325429  0.34311031]",1.0,6,1,0,0,17060,19,9
35,CMA-ME-Improvement,"[ 0.11081913 -1.55642511  0.29744509 -0.17161833 -0.15398833 -0.69457537
 -0.21055592 -0.53019784 -0.07516728  0.34377279 -0.51381364  0.91660559
 -0.6351191   0.61194579  1.50064426  0.11437488  0.97656531  0.43535018
  0.00714351  0.19327126  0.7719252   0.16103945  0.48916982 -1.05607961
 -0.04253619  1.11891612 -0.69491928 -0.11386039  0.1099881   0.26981974
 -0.42316496 -1.08099209 -0.21666492 -0.69008481 -0.28755503 -0.52659875
 -0.82008936  0.07442226  0.07408916 -0.61180147 -0.45830111  0.85520747
  0.38626347  0.05731187 -0.2381927  -0.32884866 -0.45522661 -0.55097722
  0.37528182  0.63363127  0.05664009 -0.15143233  0.50035044  0.3395924
 -0.24570672 -0.61576031 -0.08320005 -0.34606326  0.40980213 -0.67030156
  0.33179947  0.4570832   0.20908675  0.90556026 -0.84114991  1.63607098
  0.50852532 -0.58090691 -0.12039932 -0.83625718  0.70512268 -0.76060151
  0.40719997 -0.37517297  0.41081912  0.15882234  0.40940593 -0.66173644
  0.38184181  0.54520776 -1.23248477  0.69548987 -0.19019535 -0.26885762
 -0.17847648  0.76158485  0.07051147 -0.22161699  1.26246568  0.40416176
 -0.21601127  0.36764282 -0.15163917 -0.14428576  0.47752828 -0.2507052 ]",1.0,3,0,0,0,17300,104,6
36,CMA-ME-Improvement,"[ 0.10940254  0.80736645 -0.76652506  0.17634907  0.60737011  0.37398705
  0.00674035 -0.20751054 -0.20353392 -1.09428307  0.78420794 -0.42628365
 -0.02875216  0.65458902  0.87270944 -0.04652278  0.05307122  0.02303819
 -0.8306742   1.06487167  0.39112665 -0.11415256  0.435003    0.1525606
 -0.28746592  0.1335325   1.13626952 -0.0331852  -0.45001195 -0.33328902
  0.66002662 -1.12370333 -0.69760577  0.18949394  0.92275423  0.2710315
 -1.19134784 -0.38556438 -0.45075428  0.61130961 -0.04940631 -0.15865694
  0.36887614  0.13011344 -0.13566387 -0.33678277  0.17857725  0.03148288
 -0.23105124  0.3025094   0.00735168  0.34018782  0.19776037  0.88678203
  0.28588212  0.03688088 -0.30096322  0.45230944  0.59092106 -0.12097998
  0.17306961 -0.07792193  0.53908886  0.46796455  0.14657145 -0.72601288
 -0.27826339  0.23992297  0.07559695 -0.29548234 -0.20936352  0.1098302
  0.45728115 -0.56865706  1.33396425 -0.30787737 -0.06276498 -0.15695899
  0.59175002  0.93938794  0.19292118  0.62919843 -0.37576153  0.13327373
 -0.3524926  -0.59852516 -0.10078309 -0.26675589  0.10994018 -0.06994255
  0.28191007 -0.64994897 -0.43898372  0.19147733 -0.0071818  -0.58648803]",1.0,3,3,0,0,17180,10,10
37,CMA-ME-Improvement,"[-0.63191772 -0.21886842  0.78926726  0.08663632  0.0074213   0.27499721
 -0.90195871 -0.20137148  0.10242101 -1.02019224 -0.35365681 -0.66117998
  0.86079101  0.2487527   0.33350431 -0.43512506  0.02557349  0.00690433
  0.38571596  0.31352566  1.18217349 -1.03458094 -0.83799271  0.02657192
 -0.07601359 -0.64372037  1.06719859 -0.45161693 -0.08158967  0.30195132
 -0.39871829 -0.54903862 -0.53371189  0.02372795 -0.42736542  0.20671067
  0.20901686 -0.37949783 -0.93879444 -0.62337029  0.1957032   0.10713604
  0.24991889 -0.1337636   0.47889965 -0.41851335 -0.04312402 -0.42828431
 -0.36882027 -0.23499603  0.3324266  -0.59889223  0.48262648  0.39300981
 -0.57056329 -0.22311977 -0.10072867 -0.69534246  0.37956802 -0.59353141
 -0.41523963 -0.11057152 -0.04028294  0.1767562   0.19170938  0.4582834
 -0.0039407   0.38695465  0.22956994 -0.198684   -0.33289179 -0.04082142
  0.56167899  0.1840891   0.69612381  0.43824995 -0.11958795 -0.49801153
 -0.54594641  0.08130865  0.16753357  0.75100029  0.72957861 -0.06188754
 -0.19501409 -0.43468691 -0.23733899  0.33127259  0.36700507  0.60562349
  0.30815818 -0.11998685 -0.49286072 -0.42107915  0.04571363  1.52969265]",1.0,3,0,0,0,17300,18,3
38,CMA-ME-Improvement,"[-1.18900136e+00  6.22232305e-02 -4.85674832e-01  2.24404613e-01
  2.03210713e-01  1.00299039e-01 -4.79411577e-01 -1.80253358e-01
  6.57134499e-01 -2.76484781e-01  1.79936264e-01  1.36720621e-01
  2.22286041e-01 -4.84361800e-02  1.11029955e+00 -8.30942072e-01
  7.48024601e-01  1.67212710e-01  3.91030184e-01  2.64579809e-01
  7.96629453e-01 -5.03364143e-01 -2.22176603e-02  2.44201254e-01
 -8.91751640e-02  1.98282389e-05 -5.96955673e-01 -1.06394160e-01
 -7.00684802e-01  9.52932765e-02  4.04632212e-02 -1.52172759e+00
 -3.60069337e-01 -2.76201928e-01 -6.55126207e-01  4.10721104e-01
  1.37895236e-01 -4.64065225e-01 -6.75114565e-02  4.53307210e-01
  1.91611881e-01 -2.48138358e-01  4.06142122e-01  3.74254071e-02
  6.96137603e-01 -6.78172176e-01 -4.18659715e-01 -8.04615279e-01
 -6.25220884e-01 -4.10659297e-01 -1.65295392e-01 -4.71604409e-02
  3.21752501e-01 -2.21863605e-01  9.45266235e-02  1.56208949e-01
  4.19812819e-01 -8.55411953e-01  8.64658101e-01  6.03363925e-02
  3.27262250e-01  1.05436964e-01  6.44572077e-01  5.64539417e-01
  7.38294534e-02 -6.08287154e-02  2.08721380e-01 -5.91658193e-01
 -1.03641360e-01 -1.42091081e+00  1.69999262e-01 -1.02234307e+00
  2.99536400e-01 -1.28944467e-02  4.70169202e-01  7.15242616e-01
  9.05520327e-02 -1.65311957e-01 -1.88164390e-02 -2.62409091e-01
  8.52762153e-02  3.55171628e-02  4.11375369e-01  3.40798923e-01
 -3.25382572e-01  5.47052392e-02  7.73753990e-01 -3.90032734e-01
  5.67687935e-01  6.09998168e-01  1.82364910e-01  2.79891034e-01
  3.09908314e-01 -1.99211067e-01 -1.62878903e-01  9.52778392e-01]",0.996895432472229,3,4,0,0,17090,92,9
39,CMA-ME-Improvement,"[ 1.09233379 -0.00958525  0.69447419  0.85190704  0.10200959 -0.09064627
  0.47081283  0.35336048 -0.94455911 -0.21363063 -0.16519191 -0.08688973
  0.35066006  0.26739189 -0.56662141  0.80830646 -0.24973522 -0.23380149
  0.55927998  0.25962118  0.8797019  -0.51278976 -0.54757742 -1.17842005
 -0.54960846 -0.0668131   0.47747284  0.11323392 -0.04789057 -0.32900306
 -1.34232937  0.78840579 -0.25781524 -0.21878129  0.14471026 -0.01762649
  0.09203099 -1.2319049   0.66157301 -0.22505294 -0.56337311  0.26634082
  0.23547276 -0.50479185  0.2838419  -0.56959725 -0.06850331 -0.07713274
  0.76003285 -0.03553945  0.49188982  0.16163943 -0.06932659  0.04339093
  0.09560726 -0.80453151 -0.95166126  0.74185588  0.20602571 -0.94889799
  0.21048713 -0.08242613  0.12081899  0.04305708  1.29042444 -0.06209046
 -0.63372983  0.51188478  0.69783679  0.3574995  -0.57526253  0.33729207
  1.10374279  0.03717991  0.65278709  0.06842914 -0.50343036 -0.06810387
 -0.46511528  0.74719011 -0.44214386  0.87726949  0.17664825 -0.09807532
 -0.3605857  -0.10871632 -0.63376594  0.35257684  0.20411683 -0.06115531
  0.41407731 -0.82681979 -0.30730782 -0.01743809  0.09443988  0.47157083]",1.0,7,0,0,0,16220,4,4
